<?xml version="1.0" encoding="utf-8" ?>

<infos>
  <info>
  <date>01/01/2020 12:12</date>
  <Nom_Machine>PC-0123</Nom_Machine>
  <CPU>25</CPU>
  <disque>42</disque>
  <RAM>69</RAM>
  <nombre_process>123</nombre_process>
  <nombre_process_systeme>99</nombre_process_systeme>
  <nombre_process_user>12</nombre_process_user>
  <utilisateurs>4</utilisateurs>
</info>
<info>
  <date>19 /05 /2017 18:43</date>
  <CPU>100.0</CPU>
  <Nom_Machine>SLD</Nom_Machine>
  <disque>24.9</disque>
  <RAM>16.4</RAM>
  <nombre_process>119</nombre_process>
  <nombre_process_systeme>112</nombre_process_systeme>
  <nombre_process_user>6</nombre_process_user>
  <utilisateurs>1</utilisateurs>
</info>
</infos>